Titular,Enlace,Fecha_Captura
Sánchez reivindica a Zapatero y Feijóo le urge a dimitir por la corrupción,https://www.lavanguardia.com/politica/20260520/11542886/sanchez-reivindica-zapatero-feijoo-le-urge-dimitir-corrupcion-que-todavia.html,2026-05-20 11:38:19
Rufián denuncia en el Congreso una “cacería judicial” contra Zapatero,https://www.lavanguardia.com/politica/20260520/11542572/jose-luis-rodriguez-zapatero-imputado-blanqueo-capitales-plus-ultra-audiencia-nacional-udef-ultima-hora-hoy-en-directo.html,2026-05-20 11:38:19
La ley para regular los lobbies sigue atascada tras años de intentos fallidos,https://www.lavanguardia.com/politica/20260520/11542963/ley-regular-lobbies-sigue-atascada-congreso-anos-intentos-fallidos.html,2026-05-20 11:38:19
"Reconstrucción de la gestión de Zapatero para lograr el rescate de Plus Ultra, mensaje a mensaje",https://www.lavanguardia.com/politica/20260520/11542578/mensajes-ee-uu-reconstruyen-plus-ultra-busco-ayudas-cambio-pagos.html,2026-05-20 11:38:19
Presunción de culpabilidad,https://www.lavanguardia.com/opinion/20260520/11542547/presuncion-culpabilidad.html,2026-05-20 11:38:19
El fondo público que rescató a Plus Ultra: un gran salvavidas con alguna sombra,https://www.lavanguardia.com/economia/20260520/11542960/fondo-publico-rescato-plus-ultra-gran-flotador-tiburones-acecho.html,2026-05-20 11:38:19
"La pisada “forzada” de Isak Andic antes de caer al vacío, indicio en la investigación",https://www.lavanguardia.com/economia/20260520/11542872/isak-andic-jonathan-andic-pisada-homicidio-accidente-muerte.html,2026-05-20 11:38:19
Jonathan Andic mantiene por ahora sus cargos en Mango y la sociedad familiar,https://www.lavanguardia.com/dinero/20260520/11542500/jonathan-andic-mantiene-cargos-mango-sociedad-familiar.html,2026-05-20 11:38:19
"Todos los indicios contra Jonathan Andic:  el “odio” al padre, el cambio de testamento...",https://www.lavanguardia.com/sucesos/20260519/11542532/lesiones-descartan-resbalon-tropiezo-obsesion-jonathan-dinero-odio-padre.html,2026-05-20 11:38:19
Qué mal sabor de boca...,https://www.lavanguardia.com/opinion/20260520/11542180/que-mal-sabor-boca.html,2026-05-20 11:38:19
La OTAN se prepara para que EE.UU. reduzca todavía más su presencia militar en Europa,https://www.lavanguardia.com/internacional/20260520/11543027/otan-prepara-ee-uu-reduzca-todavia-mas-presencia-militar-europa.html,2026-05-20 11:38:19
Xi pide junto a Putin “un cese inmediato de todas las hostilidades en Oriente Medio”,https://www.lavanguardia.com/internacional/20260520/11542791/xi-pide-putin-cese-inmediato-todas-hostilidades-oriente-medio.html,2026-05-20 11:38:19
Conflicto de interés: cómo Trump influye en el precio de las acciones que él mismo posee,https://www.lavanguardia.com/economia/20260520/11542371/conflicto-interes-como-trump-influye-precio-acciones-posee.html,2026-05-20 11:38:19
Giulano da Empoli: “Tuvimos la oportunidad de regular la IA y no lo hicimos; pasarán cosas malas”,https://www.lavanguardia.com/vida/20260520/11542539/tuvimos-oportunidad-regular-ia-hicimos-pasaran-cosas-malas.html,2026-05-20 11:38:19
Illa evita mojarse sobre el conflicto educativo y sitúa el pacto de presupuestos como “punto de partida”,https://www.lavanguardia.com/politica/20260520/11542920/illa-evita-mojarse-sobre-conflicto-educativo-situa-pacto-presupuestos-punto-partida.html,2026-05-20 11:38:19
"La epidemia de ébola pudo empezar hace dos meses, advierte la OMS",https://www.lavanguardia.com/ciencia/20260520/11543135/epidemia-ebola-pudo-empezar-dos-meses-advierte-oms.html,2026-05-20 11:38:19
Desahuciada una madre y sus tres hijos de un bloque propiedad de un fondo de inversión en Barcelona,https://www.lavanguardia.com/local/barcelona/20260520/11542991/desahucian-madre-tres-hijos-bloque-propiedad-fondo-inversion-barcelona.html,2026-05-20 11:38:19
El Barcelona firma un acuerdo de patrocinio con Emirates Islamic hasta el 2028,https://www.lavanguardia.com/deportes/fc-barcelona/20260520/11543049/barcelona-firma-acuerdo-patrocinio-emirates-islamic-2028.html,2026-05-20 11:38:19
Riquelme duda pero quiere retar a un Florentino poco democrático,https://www.lavanguardia.com/deportes/real-madrid/20260520/11543113/riquelme-duda-quiere-retar-florentino-poco-democratico-hay-obligacion-moral-etica-dar-paso.html,2026-05-20 11:38:19
Hasta 40 céntimos menos por litro: así puedes ahorrar en gasolina este mes,https://www.lavanguardia.com/vida/20260514/11538479/40-centimos-litro-asi-puedes-ahorrar-gasolina-mes.html,2026-05-20 11:38:19
"Adiós discotecas, hola 'listening bars', el fenómeno que triunfa en el mundo (y en España)",https://www.lavanguardia.com/magazine/viajes/20260520/11541058/adios-discotecas-hola-listening-bars-fenomeno-triunfa-mundo-espana.html,2026-05-20 11:38:19
La Bóveda Global de Semillas de Svalbard gana el Princesa de Asturias de Cooperación,https://www.lavanguardia.com/natural/20260520/11543018/banco-mundial-semillas-svalbard-gana-princesa-asturias-cooperacion.html,2026-05-20 11:38:19
Así es como surfistas acuden al arroyo Eisbach para coger olas,https://www.lavanguardia.com/deportes/20260520/11542554/vdd-surfistas-alemania-munich-eisbach-olas-surf.html,2026-05-20 11:38:19
Cuánto tarda una grúa en 2026 y cómo seguir su llegada en tiempo real,https://www.lavanguardia.com/dinero/20260520/11540955/tarda-grua-2026-como-seguir-llegada-real-brl.html,2026-05-20 11:38:19
El liguero de Rosalía,https://www.lavanguardia.com/cultura/20260520/11542398/liguero-rosalia-valie-export-tatuaje.html,2026-05-20 11:38:19
Una de las primeras ciudades del mundo prosperó cuando redujo la desigualdad económica,https://www.lavanguardia.com/cultura/20260520/11543026/primeras-ciudades-mundo-mohenjo-daro-desafia-teorias-prospero-medida-reducia-desigualdad-economica-habitantes.html,2026-05-20 11:38:19
Adiós al buscador de Google tal y como lo conocíamos: la IA impulsa su mayor transformación,https://www.lavanguardia.com/neo/ia/20260520/11542825/adios-buscador-google-conociamos-ia-impulsa-mayor-transformacion-25-anos-epm.html,2026-05-20 11:38:19
Pillan a Lamine Yamal con Inés García de la mano en Grecia y ella desmiente una relación anterior,https://www.lavanguardia.com/gente/20260520/11543051/pillan-lamine-yamal-ines-garcia-mano-grecia-desmiente-relacion-anterior.html,2026-05-20 11:38:19
"Esther: “No soy un conejillo de indias, es mi esperanza de vida”",https://www.lavanguardia.com/vida/20260520/11542342/esther-paciente-ensayo-clinico-conejillo-indias-mi-esperanza-vida.html,2026-05-20 11:38:19
“Me cansé de los hombres blancos mayores a los que no les importa lo que quieren las mujeres”,https://www.lavanguardia.com/cultura/20260520/11542308/me-canse-hombres-blancos-mayores-les-importa-quieren-mujeres.html,2026-05-20 11:38:19
"Valliser, modelo de producción local y sostenible",https://www.lavanguardia.com/empresas-de-vanguardia/20260520/11537401/valliser-reconocimiento-empresa-vanguardia-bbva-modelo-produccion-local-sostenibilidad-alimentaria-brl.html,2026-05-20 11:38:19
El hombre que asesinó a su expareja en Figueres fue condenado el día antes por agredirla,https://www.lavanguardia.com/vida/20260520/11542576/hombre-asesino-expareja-figueres-condenado-lunes-agredirla.html,2026-05-20 11:38:19
Barcelona frena la apertura de supermercados 24 horas durante todo un año,https://www.lavanguardia.com/local/barcelona/20260520/11542860/barcelona-frena-apertura-supermercados-24-horas-ano.html,2026-05-20 11:38:19
Expulsados de España 7 multirreincidentes que acumulan más de 100 antecedentes policiales,https://www.lavanguardia.com/local/barcelona/20260520/11542957/expulsados-espana-7-multirreincidentes-acumulan-mas-100-antecedentes-policiales.html,2026-05-20 11:38:19
Los sindicatos consultan al profesorado valenciano si aceptan el acuerdo de Educación,https://www.lavanguardia.com/local/valencia/20260520/11542877/sindicatos-consultan-profesorado-valenciano-aceptan-acuerdo-educacion.html,2026-05-20 11:38:19
Personas a las que el 112 no respondía en la dana llamaban a À Punt: “Eran llamadas terroríficas”,https://www.lavanguardia.com/local/valencia/20260520/11543082/personas-112-respondia-dana-llamaban-a-punt-llamadas-terrorificas.html,2026-05-20 11:38:19
Gran acto de Compromís en València a un año de las elecciones... sin Mónica Oltra,https://www.lavanguardia.com/local/valencia/20260520/11542425/gran-acto-compromis-valencia-ano-elecciones-monica-oltra.html,2026-05-20 11:38:19
Polémica entre el Ayuntamiento de Rivas y Ayuso por una maqueta para cubrir el metro,https://www.lavanguardia.com/local/madrid/20260520/11542967/polemica-ayuntamiento-rivas-gobierno-ayuso-maqueta-cubrir-vias-metro.html,2026-05-20 11:38:19
"Llega el calor a Madrid, con temperaturas que alcanzarán los 30 grados",https://www.lavanguardia.com/local/madrid/20260520/11542834/llega-calor-madrid-temperaturas-alcanzaran-30-grados.html,2026-05-20 11:38:19
Mercadona supera los 3.000 millones en compras a proveedores en Madrid,https://www.lavanguardia.com/economia/20260520/11542927/mercadona-supera-3-000-millones-compras-proveedores-madrid.html,2026-05-20 11:38:19
“Al inmigrante le decimos a la vez: no te queremos y te necesitamos”,https://www.lavanguardia.com/lacontra/20260520/11542479/inmigrante-le-decimos-vez-te-queremos-te-necesitamos.html,2026-05-20 11:38:19
“Todo en internet es falso”,https://www.lavanguardia.com/opinion/20260520/11540851/internet-falso.html,2026-05-20 11:38:19
La paradoja Monet,https://www.lavanguardia.com/vida/20260520/11542466/paradoja-monet.html,2026-05-20 11:38:19
Mataré a quien más quieras,https://www.lavanguardia.com/sucesos/20260520/11541662/matare-mas-quieras.html,2026-05-20 11:38:19
"La Cripta de la Sagrada Família alberga la presentación de ‘Gaudí, el arquitecto de Dios’",https://www.lavanguardia.com/local/barcelona/20260519/11542542/inmersion-gaudiniana.html,2026-05-20 11:38:19
"La ruta por los Balcanes que todos quieren hacer: Albania, Montenegro, Croacia y Bosnia",https://www.lavanguardia.com/comprar/cultura-ocio/20260520/11537290/ruta-balcanes-todos-quieren-hacer-este-ano-albania-montenegro-croacia-bosnia-descuento-exclusivo-mkt-exo.html,2026-05-20 11:38:19
El Congreso examina hoy la ley de la pasarela al RETA para mutualistas: ¿qué consecuencias tiene?,https://www.lavanguardia.com/economia/20260520/11542865/congreso-examina-hoy-ley-pasarela-reta-mutualistas-que-que-consecuencias.html,2026-05-20 11:38:19
Golpe sobre la mesa en las cuentas remuneradas: más del 3% TAE por tu ahorro,https://www.lavanguardia.com/dinero/20260520/11540110/cuenta-remunerada-ahorro-deposito-trade-republic-bancos-ofertas-pca.html,2026-05-20 11:38:19
“Ya todo me molesta”: ¿qué hacer en una relación cuando cualquier gesto del otro empieza a pesar?,https://www.lavanguardia.com/vivo/relaciones/20260520/11536667/me-molesta-que-relacion-gesto-empieza-pesar.html,2026-05-20 11:38:19
Acuerdo para los presupuestos catalanes,https://www.lavanguardia.com/opinion/20260520/11542541/acuerdo-presupuestos-catalanes.html,2026-05-20 11:38:19
Los ministros no son lo que eran,https://www.lavanguardia.com/opinion/20260520/11542154/ministros-son.html,2026-05-20 11:38:19
El populismo tecnológico,https://www.lavanguardia.com/opinion/20260520/11542194/populismo-tecnologico.html,2026-05-20 11:38:19
El punto de vista,https://www.lavanguardia.com/opinion/20260520/11542106/punto-vista.html,2026-05-20 11:38:19
"Vilaplana, caso cerrado",https://www.lavanguardia.com/local/valencia/20260520/11542337/vilaplana-caso-cerrado.html,2026-05-20 11:38:19
Coto a los antidepresivos,https://www.lavanguardia.com/opinion/20260520/11542004/coto-antidepresivos.html,2026-05-20 11:38:19
"Vance y Rubio, aprendices",https://www.lavanguardia.com/opinion/20260520/11542571/vance-rubio-aprendices.html,2026-05-20 11:38:19
Trump dice que estuvo “a una hora” de atacar a Irán y da un margen de días para un acuerdo,https://www.lavanguardia.com/internacional/20260519/11542558/trump-dice-estuvo-hora-atacar-iran-da-margen-dias-acuerdo.html,2026-05-20 11:38:19
El Senado da el primer paso para votar una medida que pondría fin a la guerra de Irán,https://www.lavanguardia.com/internacional/20260520/11542787/senado-da-primer-paso-votar-medida-pondria-guerra-iran.html,2026-05-20 11:38:19
Israel y EE.UU. planearon reinstalar en el poder iraní al expresidente Ahmadineyad,https://www.lavanguardia.com/internacional/20260520/11542835/israel-ee-uu-planearon-reinstalar-irani-expresidente-ahmadineyad-nyt.html,2026-05-20 11:38:19
Lituania pide a la población que se refugie por las incursiones de drones,https://www.lavanguardia.com/internacional/20260520/11543022/lituania-pide-poblacion-refugie-plena-tension-baltico-incursiones-drones.html,2026-05-20 11:38:19
Austria investiga a dos sospechosos de participar en los 'safaris humanos' de Sarajevo,https://www.lavanguardia.com/internacional/20260520/11543131/austria-investiga-dos-sospechosos-haber-participado-safaris-humanos-sarajevo.html,2026-05-20 11:38:19
Junqueras confía en que Catalunya tenga las competencias para recaudar el IRPF antes del 2027,https://www.lavanguardia.com/politica/20260520/11543006/junqueras-confia-catalunya-tenga-competencias-recaudar-irpf-generales-2027.html,2026-05-20 11:38:19
Washington confirma que ha colaborado con España en la investigación a Zapatero,https://www.lavanguardia.com/politica/20260520/11542984/washington-confirma-colaborado-espana-investigacion-zapatero.html,2026-05-20 11:38:19
Almeida: “Estoy absolutamente a tope” para ser candidato en las próximas elecciones,https://www.lavanguardia.com/local/madrid/20260520/11543017/almeida-absolutamente-tope-candidato-proximas-elecciones.html,2026-05-20 11:38:19
Los Comuns instan al Govern a no aprobar los presupuestos sin revisar su acuerdo,https://www.lavanguardia.com/politica/20260519/11542078/comuns-instan-govern-aprobar-presupuestos-revisar-acuerdo.html,2026-05-20 11:38:19
La gobernadora general y el primer ministro de Canadá reciben al Rey en Ottawa,https://www.lavanguardia.com/politica/20260520/11542059/gobernadora-general-primer-ministro-canada-dan-bienvenida-rey-ottawa.html,2026-05-20 11:38:19
La UE acelera su puesta en marcha del trato comercial con EE.UU. para contentar a Trump,https://www.lavanguardia.com/economia/20260520/11542802/ue-acelera-puesta-marcha-trato-comercial-ee-uu-contentar-trump.html,2026-05-20 11:38:19
La producción de coches crece un 8% en abril y permite recuperar las caídas previas,https://www.lavanguardia.com/economia/20260520/11543005/produccion-coches-crece-8-abril-permite-recuperar-caidas-previas.html,2026-05-20 11:38:19
Stellantis abre una fábrica francesa a la china Dongfeng tras ampliar su alianza,https://www.lavanguardia.com/dinero/20260520/11542955/stellantis-china-dongfeng-fabrica-rennes-coches.html,2026-05-20 11:38:19
1.425 empresas optan al Premio Pyme del Año,https://www.lavanguardia.com/economia/20260520/11541122/1425-empresas-optan-premio-pyme-ano-de-banco-santander-camara-espana-brl.html,2026-05-20 11:38:19
La subasta de Serra Soldadura queda desierta y 170 empleos corren peligro,https://www.lavanguardia.com/economia/20260520/11543073/subasta-serra-soldadura-queda-desierta-170-empleos-corren-peligro.html,2026-05-20 11:38:19
AliExpress dinamita el precio de sus portátiles más vendidos y deja ofertas de hasta un -70%,https://www.lavanguardia.com/comprar/tecnologia/20260520/11541950/aliexpress-dinamita-precio-portatiles-mas-vendidos-deja-ofertas-70-descuento-mkt-alie.html,2026-05-20 11:38:19
He probado el Google Pixel Watch 4 y te digo si lo compraría,https://www.lavanguardia.com/comprar/tecnologia/20260519/11535667/google-pixel-watch-4-he-probado-smartwatch-semana-te-confieso-me-compraria-mkt-rvw.html,2026-05-20 11:38:19
Guía para ir al Mundial: ver a España y qué ciudades elegir,https://www.lavanguardia.com/comprar/cultura-ocio/20260421/11508669/guia-viajar-mundial-2026-espana-sedes-calendario-mkt-last.html,2026-05-20 11:38:19
Cómo decorar un pasillo estrecho con estas 5 ideas tan fáciles,https://www.lavanguardia.com/comprar/hogar-cocina/20260520/11542321/mi-pasillo-estrecho-5-m-he-decorado-5-ideas-elegantes-faciles-instalar-ocupan-poco-espacio.html,2026-05-20 11:38:19
"Los depósitos y cuentas que aún pagan hasta un 3,05% TAE",https://www.lavanguardia.com/comprar/finanzas/20260520/11539338/depositos-cuentas-remuneradas-aun-pagan-3-05-tae-primavera-mkt-hmc.html,2026-05-20 11:38:19
La jueza del caso VPP deniega a la Generalitat ser acusadora por el 'evidente' conflicto de intereses,https://www.lavanguardia.com/local/valencia/20260520/11542922/jueza-caso-vpp-deniega-generalitat-acusadora-evidente-conflicto-intereses.html,2026-05-20 11:38:19
Zaragoza rectifica y rebaja las multas a los sintecho en parques de 3.000 a 50 euros,https://www.lavanguardia.com/local/aragon/20260520/11542986/zaragoza-rectifica-rebaja-multas-sintecho-parques-3-000-50-euros.html,2026-05-20 11:38:19
El AMB dispone 20 millones para actuar contra la regresión de las playas,https://www.lavanguardia.com/local/baix-llobregat/20260520/11543034/amb-reserva-20-millones-actuar-regresion-playas-espera-concurso-ministerio-generalitat.html,2026-05-20 11:38:19
El desalojo de pisos ocupados en la Mina genera un nuevo conflicto social,https://www.lavanguardia.com/local/barcelones-nord/20260520/11542413/desalojo-pisos-ocupados-barrio-mina-sant-adria-genera-nuevo-conflicto-social.html,2026-05-20 11:38:19
Los Mossos desmantelan un centro de producción de marihuana en Martorell,https://www.lavanguardia.com/local/baix-llobregat/20260520/11542900/mossos-desmantelan-centro-produccion-marihuana-martorell.html,2026-05-20 11:38:19
El Arsenal rompe el maleficio y se corona en la Premier,https://www.lavanguardia.com/deportes/20260519/11542569/arsenal-rompe-maleficio-corona-premier.html,2026-05-20 11:38:19
El enorme vacío que dejará Guardiola si se va del Manchester City,https://www.lavanguardia.com/deportes/futbol/20260520/11542421/enorme-vacio-dejara-guardiola-manchester-city.html,2026-05-20 11:38:19
"La salida de Lewandowski y el nuevo Camp Nou, claves para poder fichar este verano",https://www.lavanguardia.com/deportes/fc-barcelona/20260520/11542559/salida-lewandowski-nuevo-spotify-camp-nou-claves-fichar-verano.html,2026-05-20 11:38:19
Sancionan de por vida a un entrenador por grabar a las jugadoras en los vestuarios,https://www.lavanguardia.com/deportes/futbol/20260520/11543061/sancionan-vida-entrenador-republica-checa-grabar-jugadoras-vestuarios.html,2026-05-20 11:38:19
"Randri, o un elefante en el vestuario: ¿con qué cara le hablará a sus jugadoras?",https://www.lavanguardia.com/deportes/futbol/20260519/11541612/randri-imagen-elefante-vestuario-femenino-que-cara-le-hablara-jugadoras.html,2026-05-20 11:38:19
Sanidad amplía el cribado de cáncer de mama a mujeres de entre 45 y 74 años,https://www.lavanguardia.com/vida/20260520/11543008/sanidad-amplia-cribado-cancer-mama-mujeres-45-74-anos.html,2026-05-20 11:38:19
El parque temático Puy du Fou reconoce haber enterrado animales en el recinto,https://www.lavanguardia.com/vida/20260520/11543014/parque-tematico-puy-du-fou-reconoce-haber-enterrado-animales-recinto.html,2026-05-20 11:38:19
El primer gran episodio de calor del año disparará los termómetros hasta los 35-39 grados,https://www.lavanguardia.com/vida/20260520/11543092/primer-gran-episodio-calor-ano-disparara-termometros-35-39-grados.html,2026-05-20 11:38:19
La UPC participa en el desarrollo del telescopio más grande del mundo,https://www.lavanguardia.com/launi/20260520/11542898/upc-participa-desarrollo-telescopio-mas-grande-mundo.html,2026-05-20 11:38:19
Recuperan los dos últimos cuerpos de los buceadores italianos fallecidos en Maldivas,https://www.lavanguardia.com/vida/20260520/11542897/recuperan-dos-ultimos-cuerpos-buceadores-italianos-fallecidos-maldivas.html,2026-05-20 11:38:19
Jaime Serra detecta con su grafismo conceptual el momento en que se aparecen las musas,https://www.lavanguardia.com/cultura/20260520/11542490/jaime-serra-detecta-grafismo-conceptual-momento-aparecen-musas.html,2026-05-20 11:38:19
Salvar a Miguel Hernández,https://www.lavanguardia.com/cultura/20260520/11542355/salvar-miguel-hernandez-nueva-biografia-mario-amoros-german-vergara-donoso.html,2026-05-20 11:38:19
Y con Monet nació el arte borroso,https://www.lavanguardia.com/cultura/20260520/11542486/monet-padre-arte-borroso-caixaforum-exposicion-desenfocado.html,2026-05-20 11:38:19
"Almodóvar, tras la ovación en Cannes: “No sé cómo agradeceros esta generosidad”",https://www.lavanguardia.com/cultura/20260519/11542579/emocion-almodovar-calurosa-ovacion-cannes-amarga-navidad-se-como-agradeceros-generosidad.html,2026-05-20 11:38:19
Étienne Davodeau propone un viaje gráfico íntimo al corazón del alzheimer,https://www.lavanguardia.com/cultura/culturas/20260520/11541870/alli-donde-vas-etienne-davodeau-memoria-alzheimer-comic-critica.html,2026-05-20 11:38:19
"La química, motor de la nueva industria sostenible y más competitiva",https://www.lavanguardia.com/economia/20260520/11535628/quimica-motor-nueva-industria-sostenible-competitiva-brl.html,2026-05-20 11:38:19
El modelo que revoluciona la gestión de ayudas en España,https://www.lavanguardia.com/economia/20260514/11538472/modelo-revoluciona-gestion-ayudas-espana.html,2026-05-20 11:38:19
El proyecto que combate el acoso escolar infantil a través de la creatividad y la imaginación,https://www.lavanguardia.com/empresas-de-vanguardia/historias-de-exito/20260518/11520955/diario-valientes-proyecto-combate-acoso-escolar-infantil-traves-creatividad-imaginacion.html,2026-05-20 11:38:19
"Barcelona, Madrid, Eivissa... los mejores locales para vivir la noche intensamente",https://www.lavanguardia.com/magazine/lifestyle/20260520/11541964/barcelona-madrid-eivissa-mejores-locales-vivir-noche-intensamente.html,2026-05-20 11:38:19
“Es como Bora Bora en el norte”: las mejores casas para unas vacaciones en Cantabria,https://www.lavanguardia.com/magazine/lifestyle/20260520/11540950/bora-bora-norte-mejores-casas-vacaciones-cantabria.html,2026-05-20 11:38:19
"Jerez de la Frontera, donde el arte no se observa, se vive",https://www.lavanguardia.com/magazine/viajes/20260519/11540900/jerez-frontera-arte-observa-vive.html,2026-05-20 11:38:19
Las claves del nuevo look de Penélope Cruz: un corte muy cómodo y las mechas más favorecedoras,https://www.lavanguardia.com/magazine/belleza/20260520/11543091/claves-nuevo-look-penelope-cruz-corte-comodo-mechas-mas-favorecedoras.html,2026-05-20 11:38:19
Zara ficha a Bad Bunny y revoluciona el verano con “Benito Antonio”,https://www.lavanguardia.com/magazine/moda/20260518/11541190/zara-ficha-bad-bunny-revoluciona-verano-coleccion-benito-antonio.html,2026-05-20 11:38:19
"Los 80 años de resiliencia de Cher: orfanato, dislexia o discalculia hasta convertirse en “un hombre rico”",https://www.lavanguardia.com/gente/20260520/11542493/80-anos-resiliencia-cher-orfanato-dislexia-discalculia-convertirse-hombre-rico.html,2026-05-20 11:38:19
"Nuria Roca, Rosa López, Tamara Falcó y Marc Giró protagonizan las portadas",https://www.lavanguardia.com/gente/20260520/11542810/nuria-roca-rosa-lopez-tamara-falco-marc-giro.html,2026-05-20 11:38:19
Los Grimaldi abren el álbum más íntimo de Grace Kelly para despedir a su fotógrafo histórico,https://www.lavanguardia.com/gente/20260520/11543094/grimaldi-abren-album-mas-intimo-grace-kelly-despedir-fotografo-historico.html,2026-05-20 11:38:19
Kylie Minogue confiesa quién ha sido el gran amor de su vida en la nueva serie,https://www.lavanguardia.com/gente/20260520/11542153/kylie-minogue-habla-crueldad-mediatica-amores-marcaron-vida-nueva-serie-netflix.html,2026-05-20 11:38:19
Los peces de colores como inspiración del arte,https://www.lavanguardia.com/participacion/las-fotos-de-los-lectores/20260520/11541145/peces-colores-inspiracion-arte.html,2026-05-20 11:38:19
El paraíso fotográfico del Delta del Ebro,https://www.lavanguardia.com/participacion/las-fotos-de-los-lectores/20260520/11541168/paraiso-fotografico-delta-ebro.html,2026-05-20 11:38:19
¿Eres capaz de ver la mariposa en menos de 30 segundos?,https://www.lavanguardia.com/participacion/retos/20260520/11541232/reto-visual-capaz-ver-mariposa-30-segundos.html,2026-05-20 11:38:19
"Liz Truss, la primera ministra que duró menos que una lechuga",https://www.lavanguardia.com/podcast/heroes-villanos/20260519/11541112/liz-truss-primera-ministra-duro-lechuga.html,2026-05-20 11:38:19
Joan Camatxo: “Reivindico el gorro alto de chef y no la gorra con visera en las cocinas”,https://www.lavanguardia.com/comer/al-dia/20260519/11539875/joan-camatxo-reivindico-gorro-alto-chef-gorra-visera-grandes-cocinas.html,2026-05-20 11:38:19
Venganza vicaria en Icod de los Vinos,https://www.lavanguardia.com/sucesos/20260513/11535723/dossier-negro-icod-de-los-vinos-carnicero-sergio-diaz-asesino-abuelo-nieta-salvador-valentin-luis.html,2026-05-20 11:38:19
Xiaomi arrasa con el gadget perfecto para no perder la maleta,https://www.lavanguardia.com/comprar/rebajas-ofertas/20260316/11490860/xiaomi-triunfa-solucion-perder-maleta-viaje-practica-asequible-eficiente-v2-mkt-alie.html,2026-05-20 11:38:19
La tablet barata de Lenovo que arrasa vuelve a caer de precio,https://www.lavanguardia.com/comprar/rebajas-ofertas/20260309/11484763/lenovo-xiaoxin-pad-tablet-barata-xiaomi-mkt-alie.html,2026-05-20 11:38:19
"8 depósitos a plazo fijo que te pagan hasta un 3,06%",https://www.lavanguardia.com/comprar/finanzas/20251020/11175760/mejores-depositos-plazo-fijo-tipos-interes-bce-mkt-klt.html,2026-05-20 11:38:19
¡Descúbrelos aquí!,https://club.lavanguardia.com/es/home-vanguardia/20240110/1045/home-lv.html?utm_medium=referral&utm_source=lavanguardia.com,2026-05-20 11:38:19
Un parque temático de película,https://club.lavanguardia.com/es/ocio-cultura/actividades/descuento-parque-warner-madrid.html?utm_medium=referral&utm_source=lavanguardia.com,2026-05-20 11:38:19
Gana una estancia con desayuno incluido,https://club.lavanguardia.com/es/sorteos/20260415/3884/vive-la-experiencia-paradores.html?utm_medium=referral&utm_source=lavanguardia.com,2026-05-20 11:38:19
Vive el suplemento QuèFem? en directo,https://club.lavanguardia.com/es/eventos/20260519/5363/lax-n-busto-en-quefem-en-persona.html?utm_medium=referral&utm_source=lavanguardia.com,2026-05-20 11:38:19
Ferran Adrià ya tiene su estrella de la fama en  Castelldefels,https://www.lavanguardia.com/comer/al-dia/20260520/11542954/ferran-adria-estrella-fama-paseo-maritimo-castelldefels.html,2026-05-20 11:38:19
Joan Gómez Pallarés da voz a la naturaleza a través de una copa de vino,https://www.lavanguardia.com/comer/al-dia/20260520/11542564/joan-gomez-pallares-da-voz-naturaleza-traves-copa-vino.html,2026-05-20 11:38:19
Saborear Japón sin salir de Barcelona ni pasar por el sushi,https://www.lavanguardia.com/comer/sitios/20260520/11542015/saborear-japon-salir-barcelona-pasar-sushi.html,2026-05-20 11:38:19
¿Qué es un “nutriente esencial”?,https://www.lavanguardia.com/comer/tendencias/20260520/11541171/que-nutriente-esencial.html,2026-05-20 11:38:19
La epidemia de ébola de RD Congo será una de las peores de la historia,https://www.lavanguardia.com/ciencia/20260517/11540438/nueva-epidemia-ebola-rd-congo-sera-peores-historia.html,2026-05-20 11:38:19
"Edad, envejecimiento y alzheimer: la gran confusión",https://www.lavanguardia.com/ciencia/20260517/11539975/edad-envejecimiento-alzheimer-gran-confusion.html,2026-05-20 11:38:19
Los módulos europeos de las misiones Artemis 3 y 4 ya están listos en el Centro Espacial Kennedy,https://www.lavanguardia.com/ciencia/20260518/11526652/modulos-europeos-misiones-artemis-3-4-listos-centro-espacial-kennedy.html,2026-05-20 11:38:19
¿Cannabidiol para tratar lesiones cerebrales en neonatos?,https://www.lavanguardia.com/ciencia/20260518/11513904/cannabidiol-tratar-lesiones-cerebrales-neonatos.html,2026-05-20 11:38:19
La masculinidad petrolera,https://www.lavanguardia.com/participacion/red-lectores/20260520/11542027/masculinidad-petrolera.html,2026-05-20 11:38:19
Los libros del padre Alejandro,https://www.lavanguardia.com/participacion/lectores-corresponsales/20260520/11542035/libros-padre-alejandro.html,2026-05-20 11:38:19
La infancia en los orígenes de la cristiandad,https://www.lavanguardia.com/participacion/red-lectores/20260520/11541268/infancia-origenes-cristiandad.html,2026-05-20 11:38:19
Encuesta: ¿Aceptarías el retorno de Reino Unido a la UE?,https://www.lavanguardia.com/participacion/debates/20260520/11540832/encuesta-aceptarias-retorno-reino-unido-ue.html,2026-05-20 11:38:19
Comparativa de los mejores suplementos de cúrcuma 2026,https://www.lavanguardia.com/comprar/mas-valorados/20260505/11529106/mejores-suplementos-curcuma-comparativa-mkt-eo.html,2026-05-20 11:38:19
Comparativa de los mejores ventiladores silenciosos 2026,https://www.lavanguardia.com/comprar/mas-valorados/20260507/11525623/mejores-ventiladores-silenciosos-comparativa-mkt-eo.html,2026-05-20 11:38:19
Comparativa mejores atornilladores eléctricos 2026,https://www.lavanguardia.com/comprar/mas-valorados/20260430/11518432/mejores-atornilladores-electricos-comparativa-mkt-eo.html,2026-05-20 11:38:19
